testValue,time,trainValue,prediction
1265.33,2011-12-23,1265.33,1183.2818446542237
1265.43,2011-12-27,1265.43,1244.6218308884218
1249.64,2011-12-28,1249.64,1264.6840984213427
1263.02,2011-12-29,1263.02,1259.0957727223183
1257.6,2011-12-30,1257.6,1270.9606087641819
1277.06,2012-01-03,1277.06,1273.7658791310264
1277.3,2012-01-04,1277.3,1284.9348778997453
1281.06,2012-01-05,1281.06,1291.6054911833207
1277.81,2012-01-06,1277.81,1291.4356772998149
1280.7,2012-01-09,1280.7,1287.984944782757
1292.08,2012-01-10,1292.08,1295.725156786428
1292.48,2012-01-11,1292.48,1304.5920343666328
1295.5,2012-01-12,1295.5,1297.8068231013092
1289.09,2012-01-13,1289.09,1302.1503095891876
1293.67,2012-01-17,1293.67,1303.0999588988946
1308.04,2012-01-18,1308.04,1304.202101533516
1314.5,2012-01-19,1314.5,1312.5530252609674
1315.38,2012-01-20,1315.38,1325.2004559365857
1316.0,2012-01-23,1316.0,1327.595202722332
1314.65,2012-01-24,1314.65,1325.3644512261274
1326.05,2012-01-25,1326.05,1322.9739504289373
1318.43,2012-01-26,1318.43,1339.2988972462408
1316.33,2012-01-27,1316.33,1325.0684471201632
1313.01,2012-01-30,1313.01,1321.4860763657098
1312.41,2012-01-31,1312.41,1324.2213635656208
1324.09,2012-02-01,1324.09,1319.3959038362177
1325.54,2012-02-02,1325.54,1328.3428365996483
1344.9,2012-02-03,1344.9,1334.9212929154844
1344.33,2012-02-06,1344.33,1349.0899153651185
1347.05,2012-02-07,1347.05,1348.087418889536
1349.96,2012-02-08,1349.96,1350.7652126503701
1351.95,2012-02-09,1351.95,1360.3821082200511
1342.64,2012-02-10,1342.64,1361.4883015718603
1351.77,2012-02-13,1351.77,1349.2916983781556
1350.5,2012-02-14,1350.5,1354.1502618873878
1343.23,2012-02-15,1343.23,1361.856976889273
1358.04,2012-02-16,1358.04,1347.5232669789923
1361.23,2012-02-17,1361.23,1360.75200955575
1362.21,2012-02-21,1362.21,1361.9088778924884
1357.66,2012-02-22,1357.66,1369.0935605784857
1363.46,2012-02-23,1363.46,1359.9121340050933
1365.74,2012-02-24,1365.74,1367.9217764450523
1367.59,2012-02-27,1367.59,1366.976772884418
1372.18,2012-02-28,1372.18,1375.1070459290197
1365.68,2012-02-29,1365.68,1373.2766521935132
1374.09,2012-03-01,1374.09,1371.044209258724
1369.63,2012-03-02,1369.63,1382.1238164963902
1364.33,2012-03-05,1364.33,1379.943672567069
1343.36,2012-03-06,1343.36,1363.9522103007798
1352.63,2012-03-07,1352.63,1353.937241227996
1365.91,2012-03-08,1365.91,1353.5435121762864
1370.87,2012-03-09,1370.87,1365.26385868056
1371.09,2012-03-12,1371.09,1366.3748058020517
1395.95,2012-03-13,1395.95,1377.4235593814738
1394.28,2012-03-14,1394.28,1397.2726772423664
1402.6,2012-03-15,1402.6,1395.7094459662048
1404.17,2012-03-16,1404.17,1403.512398132189
1409.75,2012-03-19,1409.75,1404.823455041926
1405.52,2012-03-20,1405.52,1420.428299954905
1402.89,2012-03-21,1402.89,1404.079401538682
1392.78,2012-03-22,1392.78,1408.764349286593
1397.11,2012-03-23,1397.11,1394.735376064847
1416.51,2012-03-26,1416.51,1393.8190659704
1412.52,2012-03-27,1412.52,1419.8900232988183
1405.54,2012-03-28,1405.54,1411.1250017190491
1403.28,2012-03-29,1403.28,1409.215214097913
1408.47,2012-03-30,1408.47,1409.372368668763
1419.04,2012-04-02,1419.04,1414.8333287731723
1413.38,2012-04-03,1413.38,1418.9670520208385
1398.96,2012-04-04,1398.96,1419.7363034929967
1398.08,2012-04-05,1398.08,1397.7376627065764
1382.2,2012-04-09,1382.2,1406.0884969246918
1358.59,2012-04-10,1358.59,1389.2934941658182
1368.71,2012-04-11,1368.71,1362.555044547027
1387.57,2012-04-12,1387.57,1368.1076013200254
1370.26,2012-04-13,1370.26,1384.9986005888813
1369.57,2012-04-16,1369.57,1367.876924943638
1390.78,2012-04-17,1390.78,1371.5558796928947
1385.14,2012-04-18,1385.14,1386.7524931662203
1376.92,2012-04-19,1376.92,1388.1584966964442
1378.53,2012-04-20,1378.53,1375.3140926432652
1366.94,2012-04-23,1366.94,1374.7884486477083
1371.97,2012-04-24,1371.97,1366.8718905799258
1390.69,2012-04-25,1390.69,1367.0086071783944
1399.98,2012-04-26,1399.98,1391.097912190864
1403.36,2012-04-27,1403.36,1400.3628568474946
1397.91,2012-04-30,1397.91,1402.52661469029
1405.82,2012-05-01,1405.82,1401.4314167358584
1402.31,2012-05-02,1402.31,1405.8666591979606
1391.57,2012-05-03,1391.57,1406.6171004392068
1369.1,2012-05-04,1369.1,1392.117259035211
1369.58,2012-05-07,1369.58,1371.3135665334955
1363.72,2012-05-08,1363.72,1366.2571874556124
1354.58,2012-05-09,1354.58,1366.3877572935917
1357.99,2012-05-10,1357.99,1352.1926402863198
1353.39,2012-05-11,1353.39,1354.9744934969417
1338.35,2012-05-14,1338.35,1357.239649411769
1330.66,2012-05-15,1330.66,1341.973054001447
1324.8,2012-05-16,1324.8,1329.975598668878
1304.86,2012-05-17,1304.86,1331.148729854644
1295.22,2012-05-18,1295.22,1304.283849208224
1315.99,2012-05-21,1315.99,1298.307455365894
1316.63,2012-05-22,1316.63,1308.5636529178491
1318.86,2012-05-23,1318.86,1307.2039391898861
1320.68,2012-05-24,1320.68,1318.736739540053
1317.82,2012-05-25,1317.82,1312.6913640435132
1332.42,2012-05-29,1332.42,1316.204803207008
1313.32,2012-05-30,1313.32,1327.9906560681964
1310.33,2012-05-31,1310.33,1314.4935491454344
1278.04,2012-06-01,1278.04,1303.0364133272806
1278.18,2012-06-04,1278.18,1284.7471537039205
1285.5,2012-06-05,1285.5,1274.8261321720656
1315.13,2012-06-06,1315.13,1284.1800956910438
1314.99,2012-06-07,1314.99,1309.5240932300724
1325.66,2012-06-08,1325.66,1313.395573383298
1308.93,2012-06-11,1308.93,1320.0126202163037
1324.18,2012-06-12,1324.18,1309.7548482180505
1314.88,2012-06-13,1314.88,1321.535286646024
1329.1,2012-06-14,1329.1,1315.757730395257
1342.84,2012-06-15,1342.84,1328.216574680447
1344.78,2012-06-18,1344.78,1340.0900041075822
1357.98,2012-06-19,1357.98,1346.1931911393647
1355.69,2012-06-20,1355.69,1354.519675093347
1325.51,2012-06-21,1325.51,1360.293475418394
1335.02,2012-06-22,1335.02,1330.183931211669
1313.72,2012-06-25,1313.72,1330.3502015709012
1319.99,2012-06-26,1319.99,1317.289220165625
1331.85,2012-06-27,1331.85,1313.434041058411
1329.04,2012-06-28,1329.04,1326.8463067584244
1362.16,2012-06-29,1362.16,1329.7410500984333
1365.51,2012-07-02,1365.51,1357.8054626774253
1374.02,2012-07-03,1374.02,1362.0342350527658
1367.58,2012-07-05,1367.58,1371.9575904840494
1354.68,2012-07-06,1354.68,1369.054085065964
1352.46,2012-07-09,1352.46,1354.5840766978852
1341.47,2012-07-10,1341.47,1353.2464654412415
1341.45,2012-07-11,1341.45,1347.1786332624308
1334.76,2012-07-12,1334.76,1340.9881579811804
1356.78,2012-07-13,1356.78,1336.951091808247
1353.64,2012-07-16,1353.64,1355.2421935803534
1363.67,2012-07-17,1363.67,1358.6639168691786
1372.78,2012-07-18,1372.78,1362.4173927539396
1376.51,2012-07-19,1376.51,1369.871071812549
1362.66,2012-07-20,1362.66,1375.0529631889422
1350.52,2012-07-23,1350.52,1364.0123181271174
1338.31,2012-07-24,1338.31,1357.0197463237396
1337.89,2012-07-25,1337.89,1337.2611780539114
1360.02,2012-07-26,1360.02,1338.5331347507904
1385.97,2012-07-27,1385.97,1364.0478993191382
1385.3,2012-07-30,1385.3,1382.3650883797961
1379.32,2012-07-31,1379.32,1386.327537722725
1375.14,2012-08-01,1375.14,1380.432961836228
1365.0,2012-08-02,1365.0,1382.652850751525
1390.99,2012-08-03,1390.99,1367.5810702529225
1394.23,2012-08-06,1394.23,1391.4572717312453
1401.35,2012-08-07,1401.35,1399.1944634038819
1402.22,2012-08-08,1402.22,1400.1389655459734
1402.8,2012-08-09,1402.8,1407.5877891928087
1405.87,2012-08-10,1405.87,1401.6542222992186
1404.11,2012-08-13,1404.11,1408.6658427890961
1403.93,2012-08-14,1403.93,1410.0513939537293
1405.53,2012-08-15,1405.53,1406.4256658690751
1415.51,2012-08-16,1415.51,1404.5473441880358
1418.16,2012-08-17,1418.16,1418.812154203323
1418.13,2012-08-20,1418.13,1419.7536012950036
1413.17,2012-08-21,1413.17,1423.0687920822925
1413.49,2012-08-22,1413.49,1412.9872163082036
1402.08,2012-08-23,1402.08,1414.2700097750153
1411.13,2012-08-24,1411.13,1405.6207938388316
1410.44,2012-08-27,1410.44,1410.3313977461048
1409.3,2012-08-28,1409.3,1410.0927215417646
1410.49,2012-08-29,1410.49,1412.1748983368304
1399.48,2012-08-30,1399.48,1408.2116032274982
1406.58,2012-08-31,1406.58,1398.2582544561856
1404.94,2012-09-04,1404.94,1397.684141582302
1403.44,2012-09-05,1403.44,1405.5545150781809
1432.12,2012-09-06,1432.12,1400.8448397826687
1437.92,2012-09-07,1437.92,1428.9335373759145
1429.08,2012-09-10,1429.08,1441.2351326400185
1433.56,2012-09-11,1433.56,1428.7083091531238
1436.56,2012-09-12,1436.56,1438.7934549183644
1459.99,2012-09-13,1459.99,1437.7082022591037
1465.77,2012-09-14,1465.77,1464.1524222328487
1461.19,2012-09-17,1461.19,1467.8870680438165
1459.32,2012-09-18,1459.32,1464.747219312047
1461.05,2012-09-19,1461.05,1460.2285167961397
1460.26,2012-09-20,1460.26,1463.2987972761662
1460.15,2012-09-21,1460.15,1461.6473087255729
1456.89,2012-09-24,1456.89,1464.6332540900453
1441.59,2012-09-25,1441.59,1467.3349039896318
1433.32,2012-09-26,1433.32,1442.2728432017318
1447.15,2012-09-27,1447.15,1433.2230788269653
1440.67,2012-09-28,1440.67,1449.9606768918306
1444.49,2012-10-01,1444.49,1442.4329052926105
1445.75,2012-10-02,1445.75,1450.1802406647662
1450.99,2012-10-03,1450.99,1446.5945711440818
1461.4,2012-10-04,1461.4,1447.5891830494006
1460.93,2012-10-05,1460.93,1463.3975599769005
1455.88,2012-10-08,1455.88,1468.062965011967
1441.48,2012-10-09,1441.48,1455.6682965711184
1432.56,2012-10-10,1432.56,1445.2397268014133
1432.84,2012-10-11,1432.84,1435.0959026127798
1428.59,2012-10-12,1428.59,1430.4256418984357
1440.13,2012-10-15,1440.13,1428.4571123748347
1454.92,2012-10-16,1454.92,1444.185302883157
1460.91,2012-10-17,1460.91,1451.682363111824
1457.34,2012-10-18,1457.34,1460.4666312853806
1433.19,2012-10-19,1433.19,1460.6313690518566
1433.82,2012-10-22,1433.82,1437.3337848485212
1413.11,2012-10-23,1413.11,1435.3156369402752
1408.75,2012-10-24,1408.75,1420.1973305735596
1412.97,2012-10-25,1412.97,1409.6036270147397
1411.94,2012-10-26,1411.94,1409.8241353144795
1412.16,2012-10-31,1412.16,1413.8511318917917
1427.59,2012-11-01,1427.59,1408.340037572049
1414.2,2012-11-02,1414.2,1424.7572287791002
1417.26,2012-11-05,1417.26,1415.6463338837511
1428.39,2012-11-06,1428.39,1417.7571939136176
1394.53,2012-11-07,1394.53,1423.0338531630864
1377.51,2012-11-08,1377.51,1397.1373295599192
1379.85,2012-11-09,1379.85,1375.018070354232
1380.03,2012-11-12,1380.03,1373.3831080637337
1374.53,2012-11-13,1374.53,1380.3934495832807
1355.49,2012-11-14,1355.49,1368.231006745578
1353.33,2012-11-15,1353.33,1359.3609959171663
1359.88,2012-11-16,1359.88,1357.508181351373
1386.89,2012-11-19,1386.89,1359.0163035445382
1387.81,2012-11-20,1387.81,1378.7938182667158
1391.03,2012-11-21,1391.03,1381.3300851954518
1409.15,2012-11-23,1409.15,1392.4188666235789
1406.29,2012-11-26,1406.29,1406.0839296100494
1398.94,2012-11-27,1398.94,1413.3407839566198
1409.93,2012-11-28,1409.93,1398.0599985409726
1415.95,2012-11-29,1415.95,1410.3196507508721
1416.18,2012-11-30,1416.18,1413.5502169568226
1409.46,2012-12-03,1409.46,1411.8522391062309
1407.05,2012-12-04,1407.05,1409.2606529879354
1409.28,2012-12-05,1409.28,1407.9858835878645
1413.94,2012-12-06,1413.94,1409.0298778004308
1418.07,2012-12-07,1418.07,1410.7633978068977
1418.55,2012-12-10,1418.55,1415.2242059756643
1427.84,2012-12-11,1427.84,1420.013941962667
1428.48,2012-12-12,1428.48,1429.839226038493
1419.45,2012-12-13,1419.45,1423.720192346019
1413.58,2012-12-14,1413.58,1422.3048303380933
1430.36,2012-12-17,1430.36,1414.8275345089805
1446.79,2012-12-18,1446.79,1431.7571976770855
1435.81,2012-12-19,1435.81,1444.894726606545
1443.69,2012-12-20,1443.69,1431.7074634830824
1430.15,2012-12-21,1430.15,1445.1751859141268
1426.66,2012-12-24,1426.66,1436.3040153714267
1419.83,2012-12-26,1419.83,1426.4017358674969
1418.1,2012-12-27,1418.1,1422.3742058335747
1402.43,2012-12-28,1402.43,1424.237249991877
1426.19,2012-12-31,1426.19,1403.3778410047926
1462.42,2013-01-02,1462.42,1426.6372710480168
1459.37,2013-01-03,1459.37,1459.4347136763176
1466.47,2013-01-04,1466.47,1465.9701984023004
1461.89,2013-01-07,1461.89,1468.9743700074437
1457.15,2013-01-08,1457.15,1465.6485101882772
1461.02,2013-01-09,1461.02,1459.7013284465988
1472.12,2013-01-10,1472.12,1462.480291188623
1472.05,2013-01-11,1472.05,1472.1758682777895
1470.68,2013-01-14,1470.68,1479.0534094982718
1472.34,2013-01-15,1472.34,1474.0612091735848
1472.63,2013-01-16,1472.63,1473.4106639426238
1480.94,2013-01-17,1480.94,1476.228310149289
1485.98,2013-01-18,1485.98,1477.577331604197
1492.56,2013-01-22,1492.56,1490.8975724383913
1494.81,2013-01-23,1494.81,1493.2772039247752
1494.82,2013-01-24,1494.82,1496.984791138483
1502.96,2013-01-25,1502.96,1497.730106606251
1500.18,2013-01-28,1500.18,1503.920610532351
1507.84,2013-01-29,1507.84,1506.1719295523676
1501.96,2013-01-30,1501.96,1507.645398497863
1498.11,2013-01-31,1498.11,1507.0883688482277
1513.17,2013-02-01,1513.17,1500.3951944952546
1495.71,2013-02-04,1495.71,1512.4537432396633
1511.29,2013-02-05,1511.29,1500.0668983898422
1512.12,2013-02-06,1512.12,1505.5018035000894
1509.39,2013-02-07,1509.39,1513.6070784186682
1517.93,2013-02-08,1517.93,1516.4108648626056
1517.01,2013-02-11,1517.01,1519.7736860416921
1519.43,2013-02-12,1519.43,1518.731252851106
1520.33,2013-02-13,1520.33,1525.8058769828392
1521.38,2013-02-14,1521.38,1517.9566394417548
1519.79,2013-02-15,1519.79,1525.2508654963144
1530.94,2013-02-19,1530.94,1520.7185614677674
1511.95,2013-02-20,1511.95,1530.6312216964502
1502.42,2013-02-21,1502.42,1516.3416296225985
1515.6,2013-02-22,1515.6,1501.6147206498595
1487.85,2013-02-25,1487.85,1517.298475831985
1496.94,2013-02-26,1496.94,1493.5256574316995
1515.99,2013-02-27,1515.99,1496.6091438348726
1514.68,2013-02-28,1514.68,1513.6434541849821
1518.2,2013-03-01,1518.2,1516.5574480965838
1525.2,2013-03-04,1525.2,1521.674346329164
1539.79,2013-03-05,1539.79,1526.0889606028982
1541.46,2013-03-06,1541.46,1534.7841599196204
1544.26,2013-03-07,1544.26,1544.2812169938543
1551.18,2013-03-08,1551.18,1545.4953811915384
1556.22,2013-03-11,1556.22,1553.0617728242987
1552.48,2013-03-12,1552.48,1554.8004810265804
1554.52,2013-03-13,1554.52,1559.548306750335
1563.23,2013-03-14,1563.23,1558.3286814551425
1560.7,2013-03-15,1560.7,1565.592120183705
1552.1,2013-03-18,1552.1,1563.9222599096438
1548.34,2013-03-19,1548.34,1558.494696722277
1558.71,2013-03-20,1558.71,1551.226362043894
1545.8,2013-03-21,1545.8,1558.9836012191608
1556.89,2013-03-22,1556.89,1550.366270654376
1551.69,2013-03-25,1551.69,1547.8516553861875
1563.77,2013-03-26,1563.77,1552.409808732486
1562.85,2013-03-27,1562.85,1560.2786155894416
1569.19,2013-03-28,1569.19,1565.0182940931259
1562.17,2013-04-01,1562.17,1573.808786420672
1570.25,2013-04-02,1570.25,1568.024492423539
1553.69,2013-04-03,1553.69,1573.0264199728713
1559.98,2013-04-04,1559.98,1555.0114193256877
1553.28,2013-04-05,1553.28,1560.3079554310125
1563.07,2013-04-08,1563.07,1550.9241720517184
1568.61,2013-04-09,1568.61,1561.6808682494257
1587.73,2013-04-10,1587.73,1559.378547935724
1593.37,2013-04-11,1593.37,1579.5796567597577
1588.85,2013-04-12,1588.85,1598.5169236412892
1552.36,2013-04-15,1552.36,1599.2018440401089
1574.57,2013-04-16,1574.57,1558.8262614905489
1552.01,2013-04-17,1552.01,1571.3901133681286
1541.61,2013-04-18,1541.61,1555.2542800336164
1555.25,2013-04-19,1555.25,1546.5191323745817
1562.5,2013-04-22,1562.5,1549.2548535985964
1578.78,2013-04-23,1578.78,1564.2395814969818
1578.79,2013-04-24,1578.79,1573.3462681124815
1585.16,2013-04-25,1585.16,1583.676605952382
1582.24,2013-04-26,1582.24,1584.3613639719981
1593.61,2013-04-29,1593.61,1587.9657168437006
1597.57,2013-04-30,1597.57,1596.8008406116705
1582.7,2013-05-01,1582.7,1602.6891947605527
1597.59,2013-05-02,1597.59,1588.5610119723185
1614.42,2013-05-03,1614.42,1595.2529842099918
1617.5,2013-05-06,1617.5,1614.799659616312
1625.96,2013-05-07,1625.96,1616.9968385842667
1632.69,2013-05-08,1632.69,1630.7023482495572
1626.67,2013-05-09,1626.67,1632.8833394573412
1633.7,2013-05-10,1633.7,1631.5893807424636
1633.77,2013-05-13,1633.77,1628.8281059919152
1650.34,2013-05-14,1650.34,1633.5844222429355
1658.78,2013-05-15,1658.78,1650.071094249457
1650.47,2013-05-16,1650.47,1656.95876919384
1667.47,2013-05-17,1667.47,1653.2531201995812
1666.29,2013-05-20,1666.29,1671.528829224645
1669.16,2013-05-21,1669.16,1676.2107975425558
1655.35,2013-05-22,1655.35,1676.1218683423988
1650.51,2013-05-23,1650.51,1662.6956780242058
1649.6,2013-05-24,1649.6,1657.2301061117882
1660.06,2013-05-28,1660.06,1648.0873008432272
1648.36,2013-05-29,1648.36,1662.2308233049605
1654.41,2013-05-30,1654.41,1655.9447473648486
1630.74,2013-05-31,1630.74,1655.1735434247466
1640.42,2013-06-03,1640.42,1639.7959877251067
1631.38,2013-06-04,1631.38,1641.4898895356828
1608.9,2013-06-05,1608.9,1633.1830556050936
1622.56,2013-06-06,1622.56,1616.5752593720458
1643.38,2013-06-07,1643.38,1622.3172228629212
1642.81,2013-06-10,1642.81,1642.0896933211498
1626.13,2013-06-11,1626.13,1647.1015258421835
1612.52,2013-06-12,1612.52,1624.5577623421507
1636.36,2013-06-13,1636.36,1614.6622366775548
1626.73,2013-06-14,1626.73,1637.749166590028
1639.04,2013-06-17,1639.04,1628.5373624778213
1651.81,2013-06-18,1651.81,1638.663537195474
1628.93,2013-06-19,1628.93,1647.450408070876
1588.19,2013-06-20,1588.19,1634.7336497587876
1592.43,2013-06-21,1592.43,1594.8811685824446
1573.09,2013-06-24,1573.09,1586.1920169472057
1588.03,2013-06-25,1588.03,1573.1893645884813
1603.26,2013-06-26,1603.26,1584.286184458675
1613.2,2013-06-27,1613.2,1592.3616789032305
1606.28,2013-06-28,1606.28,1612.1311972006129
1614.96,2013-07-01,1614.96,1613.2424128590408
1614.08,2013-07-02,1614.08,1616.5612765609358
1615.41,2013-07-03,1615.41,1609.8150304677151
1631.89,2013-07-05,1631.89,1614.1429899999075
1640.46,2013-07-08,1640.46,1629.3724556358459
1652.32,2013-07-09,1652.32,1637.11801284734
1652.62,2013-07-10,1652.62,1656.0063289198495
1675.02,2013-07-11,1675.02,1659.145043388655
1680.19,2013-07-12,1680.19,1675.1411578886984
1682.5,2013-07-15,1682.5,1678.6672537433478
1676.26,2013-07-16,1676.26,1684.073435422495
1680.91,2013-07-17,1680.91,1670.3828042854707
1689.37,2013-07-18,1689.37,1687.3458427935986
1692.09,2013-07-19,1692.09,1692.0424678364184
1695.53,2013-07-22,1695.53,1693.8325135849864
1692.39,2013-07-23,1692.39,1696.2800697770404
1685.94,2013-07-24,1685.94,1699.025193222114
1690.25,2013-07-25,1690.25,1695.3346136027444
1691.65,2013-07-26,1691.65,1689.2380926813696
1685.33,2013-07-29,1685.33,1696.7577491755785
1685.96,2013-07-30,1685.96,1686.9387761936189
1685.73,2013-07-31,1685.73,1688.9793028579998
1706.87,2013-08-01,1706.87,1687.8916617092214
1709.67,2013-08-02,1709.67,1708.0933178546372
1707.14,2013-08-05,1707.14,1710.2448875280613
1697.37,2013-08-06,1697.37,1718.8598790117285
1690.91,2013-08-07,1690.91,1701.2069269675337
1697.48,2013-08-08,1697.48,1697.2736500209255
1691.42,2013-08-09,1691.42,1699.3535157553501
1689.47,2013-08-12,1689.47,1688.6899553889566
1694.16,2013-08-13,1694.16,1692.9787258862139
1685.39,2013-08-14,1685.39,1690.7850271065888
1661.32,2013-08-15,1661.32,1685.1868733179776
1655.83,2013-08-16,1655.83,1666.8893640987108
1646.06,2013-08-19,1646.06,1657.583759769588
1652.35,2013-08-20,1652.35,1647.5121733611622
1642.8,2013-08-21,1642.8,1651.227967680334
1656.96,2013-08-22,1656.96,1638.4248711613398
1663.5,2013-08-23,1663.5,1650.0780813830133
1656.78,2013-08-26,1656.78,1661.2656082465564
1630.48,2013-08-27,1630.48,1654.886874207375
1634.96,2013-08-28,1634.96,1628.332344998286
1638.17,2013-08-29,1638.17,1628.804445149679
1632.97,2013-08-30,1632.97,1635.2720571426903
1639.77,2013-09-03,1639.77,1628.7617916776999
1653.08,2013-09-04,1653.08,1635.1290475314595
1655.08,2013-09-05,1655.08,1650.370106212502
1655.17,2013-09-06,1655.17,1654.388641357728
1671.71,2013-09-09,1671.71,1656.5836291187725
1683.99,2013-09-10,1683.99,1669.5566405080115
1689.13,2013-09-11,1689.13,1684.0181852969017
1683.42,2013-09-12,1683.42,1686.9554477007832
1687.99,2013-09-13,1687.99,1684.519747572387
1697.6,2013-09-16,1697.6,1687.724273397247
1704.76,2013-09-17,1704.76,1698.6206667067063
1725.52,2013-09-18,1725.52,1705.9055864003558
1722.34,2013-09-19,1722.34,1732.2035927206352
1709.91,2013-09-20,1709.91,1729.609735774803
1701.84,2013-09-23,1701.84,1709.7754458182123
1697.42,2013-09-24,1697.42,1704.1783741446407
1692.77,2013-09-25,1692.77,1700.3484828790488
1698.67,2013-09-26,1698.67,1696.1889480496577
1691.75,2013-09-27,1691.75,1702.7541871974322
1681.55,2013-09-30,1681.55,1697.478230168858
1695.0,2013-10-01,1695.0,1680.9422073692408
1693.87,2013-10-02,1693.87,1688.7497065064977
1678.66,2013-10-03,1678.66,1691.352945264172
1690.5,2013-10-04,1690.5,1676.755043981884
1676.12,2013-10-07,1676.12,1687.918424576562
1655.45,2013-10-08,1655.45,1672.6196010844135
1656.4,2013-10-09,1656.4,1660.4670242879647
1692.56,2013-10-10,1692.56,1650.4060194955464
1703.2,2013-10-11,1703.2,1680.1576859697834
1710.14,2013-10-14,1710.14,1678.784984020989
1698.06,2013-10-15,1698.06,1682.0212424488582
1721.54,2013-10-16,1721.54,1693.4984720909101
1733.15,2013-10-17,1733.15,1726.7265901979454
1744.5,2013-10-18,1744.5,1736.7670713083182
1744.66,2013-10-21,1744.66,1746.058865049078
1754.67,2013-10-22,1754.67,1738.375099724593
1746.38,2013-10-23,1746.38,1759.329797953546
1752.07,2013-10-24,1752.07,1749.0477048796542
1759.77,2013-10-25,1759.77,1767.851752337628
1762.11,2013-10-28,1762.11,1774.3686703182848
1771.95,2013-10-29,1771.95,1775.778532881961
1763.31,2013-10-30,1763.31,1772.6965013611527
1756.54,2013-10-31,1756.54,1770.1487810166386
1761.64,2013-11-01,1761.64,1760.6374267645124
1767.93,2013-11-04,1767.93,1764.1770739051738
1762.97,2013-11-05,1762.97,1770.284190124688
1770.49,2013-11-06,1770.49,1765.5004032186052
1747.15,2013-11-07,1747.15,1771.5565950104447
1770.61,2013-11-08,1770.61,1754.39381248375
1771.89,2013-11-11,1771.89,1772.3638169818066
1767.69,2013-11-12,1767.69,1773.1612142096255
1782.0,2013-11-13,1782.0,1776.1178580733988
1790.62,2013-11-14,1790.62,1783.5364318582986
1798.18,2013-11-15,1798.18,1787.2691216910239
1791.53,2013-11-18,1791.53,1805.7214431778684
1787.87,2013-11-19,1787.87,1794.5520657851907
1781.37,2013-11-20,1781.37,1793.7354617908918
1795.85,2013-11-21,1795.85,1784.5217569711301
1804.76,2013-11-22,1804.76,1799.655965476665
1802.48,2013-11-25,1802.48,1800.222408597049
1802.75,2013-11-26,1802.75,1803.9013222243482
1807.23,2013-11-27,1807.23,1800.5830484858213
1805.81,2013-11-29,1805.81,1812.9511113956444
1800.9,2013-12-02,1800.9,1808.3952856733124
1795.15,2013-12-03,1795.15,1805.93923082953
1792.81,2013-12-04,1792.81,1802.7768008478456
1785.03,2013-12-05,1785.03,1801.837667938476
1805.09,2013-12-06,1805.09,1788.8347477842606
1808.37,2013-12-09,1808.37,1809.7052437807909
1802.62,2013-12-10,1802.62,1812.486565842947
1782.22,2013-12-11,1782.22,1807.0403502122017
1775.5,2013-12-12,1775.5,1792.9169434888577
1775.32,2013-12-13,1775.32,1775.507004892532
1786.54,2013-12-16,1786.54,1777.183473275256
1781.0,2013-12-17,1781.0,1783.830692300607
1810.65,2013-12-18,1810.65,1788.427078324708
1809.6,2013-12-19,1809.6,1811.1447545110382
1818.32,2013-12-20,1818.32,1804.8879945419158
1827.99,2013-12-23,1827.99,1823.460143829755
1833.32,2013-12-24,1833.32,1823.380090897686
1842.02,2013-12-26,1842.02,1838.999649425217
1841.4,2013-12-27,1841.4,1840.9050779227214
1841.07,2013-12-30,1841.07,1850.6532637965306
1848.36,2013-12-31,1848.36,1845.1460895970613
1831.98,2014-01-02,1831.98,1855.4889470018704
1831.37,2014-01-03,1831.37,1834.9002090615177
1826.77,2014-01-06,1826.77,1825.687724043052
1837.88,2014-01-07,1837.88,1829.9747695789101
1837.49,2014-01-08,1837.49,1832.685751216569
1838.13,2014-01-09,1838.13,1837.0240539104884
1842.37,2014-01-10,1842.37,1845.0840523395875
1819.2,2014-01-13,1819.2,1843.599918575271
1838.88,2014-01-14,1838.88,1825.3431871101018
1848.38,2014-01-15,1848.38,1835.4790735122424
1845.89,2014-01-16,1845.89,1845.8978845564473
1838.7,2014-01-17,1838.7,1848.8206277476797
1843.8,2014-01-21,1843.8,1843.2964182693233
1844.86,2014-01-22,1844.86,1849.5806755802234
1828.46,2014-01-23,1828.46,1848.5388396399062
1790.29,2014-01-24,1790.29,1830.1945270151266
1781.56,2014-01-27,1781.56,1797.3643718402282
1792.5,2014-01-28,1792.5,1783.9480654008096
1774.2,2014-01-29,1774.2,1789.154757090332
1794.19,2014-01-30,1794.19,1777.609465673195
1782.59,2014-01-31,1782.59,1788.3398408854537
1741.89,2014-02-03,1741.89,1777.1779225313544
1755.2,2014-02-04,1755.2,1746.8909945093822
1751.64,2014-02-05,1751.64,1751.2443910958414
1773.43,2014-02-06,1773.43,1747.2704175955917
1797.02,2014-02-07,1797.02,1772.4635435123992
1799.84,2014-02-10,1799.84,1793.921563735329
1819.75,2014-02-11,1819.75,1799.5796672008105
1819.26,2014-02-12,1819.26,1819.188209686768
1829.83,2014-02-13,1829.83,1820.0114029047368
1838.63,2014-02-14,1838.63,1830.0231904035259
1840.76,2014-02-18,1840.76,1839.671898087094
1828.75,2014-02-19,1828.75,1843.1219990915947
1839.78,2014-02-20,1839.78,1831.9425229237065
1836.25,2014-02-21,1836.25,1842.5630388419745
1847.61,2014-02-24,1847.61,1836.0302514074344
1845.12,2014-02-25,1845.12,1846.265086784359
1845.16,2014-02-26,1845.16,1850.0878678325512
1854.29,2014-02-27,1854.29,1845.1026435569295
1859.45,2014-02-28,1859.45,1855.1374879102266
1845.73,2014-03-03,1845.73,1860.9321746223
1873.91,2014-03-04,1873.91,1851.4002093811382
1873.81,2014-03-05,1873.81,1872.4915979020982
1877.03,2014-03-06,1877.03,1871.8777744999124
1878.04,2014-03-07,1878.04,1879.9687840205052
1877.17,2014-03-10,1877.17,1880.3493944114243
1867.63,2014-03-11,1867.63,1875.8137399090542
1868.2,2014-03-12,1868.2,1871.0027152179996
1846.34,2014-03-13,1846.34,1875.1387127864555
1841.13,2014-03-14,1841.13,1850.8787252503369
1858.83,2014-03-17,1858.83,1843.5279899838015
1872.25,2014-03-18,1872.25,1858.0576418869996
1860.77,2014-03-19,1860.77,1872.356103842276
1872.01,2014-03-20,1872.01,1861.019651040579
1866.52,2014-03-21,1866.52,1867.7424895793315
1857.44,2014-03-24,1857.44,1866.950700289239
1865.62,2014-03-25,1865.62,1855.6694705380964
1852.56,2014-03-26,1852.56,1860.360508496314
1849.04,2014-03-27,1849.04,1858.0301611788714
1857.62,2014-03-28,1857.62,1847.84803023711
1872.34,2014-03-31,1872.34,1856.6728085303926
1885.52,2014-04-01,1885.52,1873.1196101168007
1890.9,2014-04-02,1890.9,1888.2759279541942
1888.77,2014-04-03,1888.77,1890.642358471263
1865.09,2014-04-04,1865.09,1895.2073775830154
1845.04,2014-04-07,1845.04,1876.9439203046693
1851.96,2014-04-08,1851.96,1849.341614843081
1872.18,2014-04-09,1872.18,1849.2828427163568
1833.08,2014-04-10,1833.08,1867.8115855250333
1815.69,2014-04-11,1815.69,1831.8305381759064
1830.61,2014-04-14,1830.61,1815.2131943285053
1842.98,2014-04-15,1842.98,1824.6691772228232
1862.31,2014-04-16,1862.31,1842.2975316758261
1864.85,2014-04-17,1864.85,1854.0301940436177
1871.89,2014-04-21,1871.89,1870.070669385572
1879.55,2014-04-22,1879.55,1869.6403129113573
1875.39,2014-04-23,1875.39,1882.869083603321
1878.61,2014-04-24,1878.61,1876.799771612673
1863.4,2014-04-25,1863.4,1882.3760311363967
1869.43,2014-04-28,1869.43,1865.0551278370558
1878.33,2014-04-29,1878.33,1869.631388491518
1883.95,2014-04-30,1883.95,1876.3655560073528
1883.68,2014-05-01,1883.68,1889.2261127592874
1881.14,2014-05-02,1881.14,1880.9122511230214
1884.66,2014-05-05,1884.66,1881.6379549962917
1867.72,2014-05-06,1867.72,1882.2325211138243
1878.21,2014-05-07,1878.21,1873.638771721758
1875.63,2014-05-08,1875.63,1876.9311269636619
1878.48,2014-05-09,1878.48,1872.2598174858022
1896.65,2014-05-12,1896.65,1879.6223664654285
1897.45,2014-05-13,1897.45,1895.4957395847596
1888.53,2014-05-14,1888.53,1900.681389091359
1870.85,2014-05-15,1870.85,1892.2492387249204
1877.86,2014-05-16,1877.86,1872.6059562557753
1885.08,2014-05-19,1885.08,1872.4599908360387
1872.83,2014-05-20,1872.83,1885.7424152623457
1888.03,2014-05-21,1888.03,1875.77112609265
1892.49,2014-05-22,1892.49,1890.7100344164658
1900.53,2014-05-23,1900.53,1893.6767609057997
1911.91,2014-05-27,1911.91,1898.5549007926636
1909.78,2014-05-28,1909.78,1911.077456533736
1920.03,2014-05-29,1920.03,1920.4412071546403
1923.57,2014-05-30,1923.57,1924.9309926561605
1924.97,2014-06-02,1924.97,1927.9419020631321
1924.24,2014-06-03,1924.24,1928.638738962943
1927.88,2014-06-04,1927.88,1924.4892136578937
1940.46,2014-06-05,1940.46,1931.3744369656051
1949.44,2014-06-06,1949.44,1942.4661968775897
1951.27,2014-06-09,1951.27,1951.7169543399798
1950.79,2014-06-10,1950.79,1953.6960546834027
1943.89,2014-06-11,1943.89,1953.418999728065
1930.11,2014-06-12,1930.11,1949.0363331771616
1936.16,2014-06-13,1936.16,1936.7360044540405
1937.78,2014-06-16,1937.78,1934.7691183460142
1941.99,2014-06-17,1941.99,1935.179136488814
1956.98,2014-06-18,1956.98,1941.2101858542171
1959.48,2014-06-19,1959.48,1961.4338282462857
1962.87,2014-06-20,1962.87,1964.1195167931983
1962.61,2014-06-23,1962.61,1965.2845142683032
1949.98,2014-06-24,1949.98,1961.8394837756778
1959.53,2014-06-25,1959.53,1959.0531597376469
1957.22,2014-06-26,1957.22,1950.9163049582157
1960.96,2014-06-27,1960.96,1961.5754224567565
1960.23,2014-06-30,1960.23,1968.5328012546026
1973.32,2014-07-01,1973.32,1957.1753595779546
1974.62,2014-07-02,1974.62,1972.8070959739243
1985.44,2014-07-03,1985.44,1973.9138327462877
1977.65,2014-07-07,1977.65,1992.6603042540737
1963.71,2014-07-08,1963.71,1978.9373795559677
1972.83,2014-07-09,1972.83,1960.8628903889216
1964.68,2014-07-10,1964.68,1975.139870800077
1967.57,2014-07-11,1967.57,1969.6142308307078
1977.1,2014-07-14,1977.1,1966.738946128362
1973.28,2014-07-15,1973.28,1982.0519597305056
1981.57,2014-07-16,1981.57,1970.7268384994647
1958.12,2014-07-17,1958.12,1982.134881148931
1978.22,2014-07-18,1978.22,1966.0835945428757
1973.63,2014-07-21,1973.63,1975.2149303353287
1983.53,2014-07-22,1983.53,1970.7287605110403
1987.01,2014-07-23,1987.01,1977.6846096068844
1987.98,2014-07-24,1987.98,1990.6865964113604
1978.34,2014-07-25,1978.34,1993.9661590364806
1978.91,2014-07-28,1978.91,1981.611900045011
1969.95,2014-07-29,1969.95,1984.0037225804592
1970.07,2014-07-30,1970.07,1974.2888428785009
1930.67,2014-07-31,1930.67,1972.672977991456
1925.15,2014-08-01,1925.15,1938.1959246044014
1938.99,2014-08-04,1938.99,1921.29260011408
1920.21,2014-08-05,1920.21,1938.3296759018117
1920.24,2014-08-06,1920.24,1913.4455103802284
1909.57,2014-08-07,1909.57,1918.1025763975986
1931.59,2014-08-08,1931.59,1908.203107608864
1936.92,2014-08-11,1936.92,1923.2914836394398
1933.75,2014-08-12,1933.75,1935.010074598505
1946.72,2014-08-13,1946.72,1931.7878810091786
1955.18,2014-08-14,1955.18,1945.3032203326488
1955.06,2014-08-15,1955.06,1956.2962617496682
1971.74,2014-08-18,1971.74,1953.3961572962446
1981.6,2014-08-19,1981.6,1972.447175590099
1986.51,2014-08-20,1986.51,1975.1350115121381
1992.37,2014-08-21,1992.37,1988.1789491364657
1988.4,2014-08-22,1988.4,1997.3084723808333
1997.92,2014-08-25,1997.92,1991.3277390336418
2000.02,2014-08-26,2000.02,1998.4977620508064
2000.12,2014-08-27,2000.12,2005.2124429756
1996.74,2014-08-28,1996.74,2001.5514265957383
2003.37,2014-08-29,2003.37,2003.216687321049
2002.28,2014-09-02,2002.28,1999.8594474473912
2000.72,2014-09-03,2000.72,2007.5087251171035
1997.65,2014-09-04,1997.65,2001.6651177287276
2007.71,2014-09-05,2007.71,1999.3090787480382
2001.54,2014-09-08,2001.54,2019.7140139025337
1988.44,2014-09-09,1988.44,2003.398938381687
1995.69,2014-09-10,1995.69,1985.4107852007144
1997.45,2014-09-11,1997.45,2000.9648988516842
1985.54,2014-09-12,1985.54,2002.6377704176693
1984.13,2014-09-15,1984.13,1984.792454050375
1998.98,2014-09-16,1998.98,1982.5449554008962
2001.57,2014-09-17,2001.57,1996.2804748923663
2011.36,2014-09-18,2011.36,2003.862397474521
2010.4,2014-09-19,2010.4,2013.8715523600295
1994.29,2014-09-22,1994.29,2008.0693699277926
1982.77,2014-09-23,1982.77,2001.0664966775564
1998.3,2014-09-24,1998.3,1979.9033223242109
1965.99,2014-09-25,1965.99,1995.7892115250497
1982.85,2014-09-26,1982.85,1972.2301668770083
1977.8,2014-09-29,1977.8,1984.3405881855558
1972.29,2014-09-30,1972.29,1979.3811447485275
1946.16,2014-10-01,1946.16,1971.9503821118951
1946.17,2014-10-02,1946.17,1950.0302364808363
1967.9,2014-10-03,1967.9,1944.1439044648369
1964.82,2014-10-06,1964.82,1965.8351934505022
1935.1,2014-10-07,1935.1,1962.3554343299097
1968.89,2014-10-08,1968.89,1939.4914639611047
1928.21,2014-10-09,1928.21,1965.8685847599286
1906.13,2014-10-10,1906.13,1925.924048569283
1874.74,2014-10-13,1874.74,1908.6334204149875
1877.7,2014-10-14,1877.7,1874.0906643673554
1862.49,2014-10-15,1862.49,1878.3400560114528
1862.76,2014-10-16,1862.76,1858.2399526440886
1886.76,2014-10-17,1886.76,1860.1809358097362
1904.01,2014-10-20,1904.01,1880.1037578303062
1941.28,2014-10-21,1941.28,1902.5433765121838
1927.11,2014-10-22,1927.11,1932.8102969542283
1950.82,2014-10-23,1950.82,1921.9121392514037
1964.58,2014-10-24,1964.58,1948.4952126908456
1961.63,2014-10-27,1961.63,1955.2116082240464
1985.05,2014-10-28,1985.05,1964.3126511253236
1982.3,2014-10-29,1982.3,1986.0249812254233
1994.65,2014-10-30,1994.65,1972.0159538921487
2018.05,2014-10-31,2018.05,2005.5034621542995
2017.81,2014-11-03,2017.81,2014.6501101646147
2012.1,2014-11-04,2012.1,2016.6977461645533
2023.57,2014-11-05,2023.57,2013.0942538414124
2031.21,2014-11-06,2031.21,2024.0027240540321
2031.92,2014-11-07,2031.92,2034.19390656882
2038.26,2014-11-10,2038.26,2033.6823543385526
2039.68,2014-11-11,2039.68,2043.1356067232355
2038.25,2014-11-12,2038.25,2036.9496713306894
2039.33,2014-11-13,2039.33,2045.2363443433155
2039.82,2014-11-14,2039.82,2036.4746286770715
2041.32,2014-11-17,2041.32,2043.6737805600983
2051.8,2014-11-18,2051.8,2045.8431247894516
2048.72,2014-11-19,2048.72,2053.3516663782048
2052.75,2014-11-20,2052.75,2051.740696857996
2063.5,2014-11-21,2063.5,2062.9283194906648
2069.41,2014-11-24,2069.41,2063.498466119842
2067.03,2014-11-25,2067.03,2069.0721700913587
2072.83,2014-11-26,2072.83,2071.330652836417
2067.56,2014-11-28,2067.56,2081.636147935611
2053.44,2014-12-01,2053.44,2075.509264665277
2066.55,2014-12-02,2066.55,2057.326390292804
2074.33,2014-12-03,2074.33,2066.829287065161
2071.92,2014-12-04,2071.92,2077.4238636319965
2075.37,2014-12-05,2075.37,2078.703411318726
2060.31,2014-12-08,2060.31,2080.883221936215
2059.82,2014-12-09,2059.82,2063.314725635832
2026.14,2014-12-10,2026.14,2055.3464946308927
2035.33,2014-12-11,2035.33,2033.79958844482
2002.33,2014-12-12,2002.33,2033.0774446791124
1989.63,2014-12-15,1989.63,2009.8527275747404
1972.74,2014-12-16,1972.74,1990.2595164712602
2012.89,2014-12-17,2012.89,1967.8841873103163
2061.23,2014-12-18,2061.23,2016.7277972183074
2070.65,2014-12-19,2070.65,2051.155116575044
2078.54,2014-12-22,2078.54,2068.042022386431
2082.17,2014-12-23,2082.17,2082.088523437842
2081.88,2014-12-24,2081.88,2075.928450323903
2088.77,2014-12-26,2088.77,2086.2095806052603
2090.57,2014-12-29,2090.57,2096.2446241246885
2080.35,2014-12-30,2080.35,2097.332055515141
2058.9,2014-12-31,2058.9,2077.811930261848
2058.2,2015-01-02,2058.2,2062.550029556952
2020.58,2015-01-05,2020.58,2064.3732621404743
2002.61,2015-01-06,2002.61,2022.4782391488166
2025.9,2015-01-07,2025.9,2007.684582851473
2062.14,2015-01-08,2062.14,2023.8616897247368
2044.81,2015-01-09,2044.81,2053.531239816675
2028.26,2015-01-12,2028.26,2054.7846064278388
2023.03,2015-01-13,2023.03,2029.7211009508892
2011.27,2015-01-14,2011.27,2019.7979028989319
1992.67,2015-01-15,1992.67,2008.559843751154
2019.42,2015-01-16,2019.42,1999.1266491301074
2022.55,2015-01-20,2022.55,2019.0726268666529
2032.12,2015-01-21,2032.12,2011.6349062539998
2063.15,2015-01-22,2063.15,2027.7634057242594
2051.82,2015-01-23,2051.82,2068.465736329673
2057.09,2015-01-26,2057.09,2050.1545882533123
2029.55,2015-01-27,2029.55,2064.401575232277
2002.16,2015-01-28,2002.16,2032.4906663919448
2021.25,2015-01-29,2021.25,2010.2515386762116
1994.99,2015-01-30,1994.99,2021.1526064468821
2020.85,2015-02-02,2020.85,1989.5180017073606
2050.03,2015-02-03,2050.03,2019.162809910333
2041.51,2015-02-04,2041.51,2047.655446287447
2062.52,2015-02-05,2062.52,2039.2842145698196
2055.47,2015-02-06,2055.47,2056.5378383238226
2046.74,2015-02-09,2046.74,2060.6061631968
2068.59,2015-02-10,2068.59,2042.6886090488692
2068.53,2015-02-11,2068.53,2068.1525873621827
2088.48,2015-02-12,2088.48,2067.9674794150947
2096.99,2015-02-13,2096.99,2083.6019194846804
2100.34,2015-02-17,2100.34,2096.7920549676633
2099.68,2015-02-18,2099.68,2108.3670047016844
2097.45,2015-02-19,2097.45,2107.6580758286354
2110.3,2015-02-20,2110.3,2095.591622119155
2109.66,2015-02-23,2109.66,2104.214710662882
2115.48,2015-02-24,2115.48,2111.819349020827
2113.86,2015-02-25,2113.86,2120.563928307325
2110.74,2015-02-26,2110.74,2112.608650020933
2104.5,2015-02-27,2104.5,2111.8547944884585
2117.39,2015-03-02,2117.39,2106.9094372536283
2107.78,2015-03-03,2107.78,2118.5925197520655
2098.53,2015-03-04,2098.53,2119.0454327515586
2101.04,2015-03-05,2101.04,2110.2882112864313
2071.26,2015-03-06,2071.26,2095.8430772048155
2079.43,2015-03-09,2079.43,2080.9571445911715
2044.16,2015-03-10,2044.16,2057.5007955537503
2040.24,2015-03-11,2040.24,2066.5314757935353
2065.95,2015-03-12,2065.95,2039.9358562253326
2053.4,2015-03-13,2053.4,2058.307485547348
2081.19,2015-03-16,2081.19,2058.4265140419734
2074.28,2015-03-17,2074.28,2081.153827351832
2099.5,2015-03-18,2099.5,2067.1483560567144
2089.27,2015-03-19,2089.27,2094.3230330204533
2108.1,2015-03-20,2108.1,2089.079086755349
2104.42,2015-03-23,2104.42,2104.854249408011
2091.5,2015-03-24,2091.5,2111.4181139837
2061.05,2015-03-25,2061.05,2092.3250582068804
2056.15,2015-03-26,2056.15,2057.3750779787424
2061.02,2015-03-27,2061.02,2067.195843668123
2086.24,2015-03-30,2086.24,2063.3475662749033
2067.89,2015-03-31,2067.89,2086.376098602971
2059.69,2015-04-01,2059.69,2062.6839402699766
2066.96,2015-04-02,2066.96,2064.998257555734
2080.62,2015-04-06,2080.62,2067.3915782065333
2076.33,2015-04-07,2076.33,2076.940431198462
2081.9,2015-04-08,2081.9,2073.7143019969235
2091.18,2015-04-09,2091.18,2083.3786887626547
2102.06,2015-04-10,2102.06,2090.7297185569796
2092.43,2015-04-13,2092.43,2100.576170959323
2095.84,2015-04-14,2095.84,2097.9751445386128
2106.63,2015-04-15,2106.63,2094.604103198257
2104.99,2015-04-16,2104.99,2111.210612280917
2081.18,2015-04-17,2081.18,2104.20546709454
2100.4,2015-04-20,2100.4,2088.80800948207
2097.29,2015-04-21,2097.29,2103.638241577735
2107.96,2015-04-22,2107.96,2098.190313025186
2112.93,2015-04-23,2112.93,2105.779766701005
2117.69,2015-04-24,2117.69,2109.527050120768
2108.92,2015-04-27,2108.92,2115.957319137696
2114.76,2015-04-28,2114.76,2115.916622464161
2106.85,2015-04-29,2106.85,2115.4446371098643
2085.51,2015-04-30,2085.51,2109.2491465011512
2108.29,2015-05-01,2108.29,2084.7676611367656
2114.49,2015-05-04,2114.49,2105.9254896237658
2089.46,2015-05-05,2089.46,2117.449485972533
2080.15,2015-05-06,2080.15,2087.95391637636
2088.0,2015-05-07,2088.0,2078.3972619881547
2116.1,2015-05-08,2116.1,2088.8417170106823
2105.33,2015-05-11,2105.33,2117.019721740142
2099.12,2015-05-12,2099.12,2107.1189684771043
2098.48,2015-05-13,2098.48,2100.6974880483963
2121.1,2015-05-14,2121.1,2104.1620520098963
2122.73,2015-05-15,2122.73,2120.2855815023186
2129.2,2015-05-18,2129.2,2124.5871195811487
2127.83,2015-05-19,2127.83,2131.2172929974654
2125.85,2015-05-20,2125.85,2129.405677507907
2130.82,2015-05-21,2130.82,2121.137318667075
2126.06,2015-05-22,2126.06,2134.497625941899
2104.2,2015-05-26,2104.2,2129.529879669762
2123.48,2015-05-27,2123.48,2110.4692944856997
2120.79,2015-05-28,2120.79,2115.9024840646716
2107.39,2015-05-29,2107.39,2120.4152544465314
2111.73,2015-06-01,2111.73,2117.353248715381
2109.6,2015-06-02,2109.6,2111.4506620267202
2114.07,2015-06-03,2114.07,2107.7244632061534
2095.84,2015-06-04,2095.84,2112.479429354703
2092.83,2015-06-05,2092.83,2096.459578342675
2079.28,2015-06-08,2079.28,2095.4771209569735
2080.15,2015-06-09,2080.15,2081.655578878115
2105.2,2015-06-10,2105.2,2083.7397913276027
2108.86,2015-06-11,2108.86,2095.1444132212127
2094.11,2015-06-12,2094.11,2107.6943113337366
2084.43,2015-06-15,2084.43,2093.29243304398
2096.29,2015-06-16,2096.29,2082.2250670256676
2100.44,2015-06-17,2100.44,2089.323023014511
2121.24,2015-06-18,2121.24,2104.646127781645
2109.99,2015-06-19,2109.99,2116.181054124074
2122.85,2015-06-22,2122.85,2112.7252884778522
2124.2,2015-06-23,2124.2,2120.4494990032163
2108.58,2015-06-24,2108.58,2128.8454876180576
2102.31,2015-06-25,2102.31,2109.9841229858403
2101.49,2015-06-26,2101.49,2103.788768260783
2057.64,2015-06-29,2057.64,2104.202871859292
2063.11,2015-06-30,2063.11,2054.2300441029483
2077.42,2015-07-01,2077.42,2060.63870262066
2076.78,2015-07-02,2076.78,2076.2052744624325
2068.76,2015-07-06,2068.76,2068.0284417864327
2081.34,2015-07-07,2081.34,2073.627643436121
2046.68,2015-07-08,2046.68,2083.1111770631046
2051.31,2015-07-09,2051.31,2047.8180588632301
2076.62,2015-07-10,2076.62,2050.9762183126218
2099.6,2015-07-13,2099.6,2073.62027689334
2108.95,2015-07-14,2108.95,2099.651863029075
2107.4,2015-07-15,2107.4,2102.715528990958
2124.29,2015-07-16,2124.29,2114.484487162225
2126.64,2015-07-17,2126.64,2117.724066107334
2128.28,2015-07-20,2128.28,2131.3852039466356
2119.21,2015-07-21,2119.21,2129.6352083583934
2114.15,2015-07-22,2114.15,2122.8207858523265
2102.15,2015-07-23,2102.15,2113.031049299475
2079.65,2015-07-24,2079.65,2106.577437782945
2067.64,2015-07-27,2067.64,2083.2049209912734
2093.25,2015-07-28,2093.25,2070.889075342361
2108.57,2015-07-29,2108.57,2091.7560203711055
2108.63,2015-07-30,2108.63,2110.737334832586
2103.84,2015-07-31,2103.84,2104.1994196648843
2098.04,2015-08-03,2098.04,2101.214770611943
2093.32,2015-08-04,2093.32,2099.912112890753
2099.84,2015-08-05,2099.84,2097.458399730327
2083.56,2015-08-06,2083.56,2098.412560499298
2077.57,2015-08-07,2077.57,2081.9145356493045
2104.18,2015-08-10,2104.18,2081.639821342881
2084.07,2015-08-11,2084.07,2100.495392984479
2086.05,2015-08-12,2086.05,2083.344581794321
2083.39,2015-08-13,2083.39,2081.096541635472
2091.54,2015-08-14,2091.54,2083.2271901496456
2102.44,2015-08-17,2102.44,2088.013084947069
2096.92,2015-08-18,2096.92,2097.023325053353
2079.61,2015-08-19,2079.61,2099.8991590315836
2035.73,2015-08-20,2035.73,2081.4475602262705
1970.89,2015-08-21,1970.89,2039.5478030783743
1893.21,2015-08-24,1893.21,1976.702463746543
1867.61,2015-08-25,1867.61,1897.947684674497
1940.51,2015-08-26,1940.51,1869.150256647035
1987.66,2015-08-27,1987.66,1923.330639273339
1988.87,2015-08-28,1988.87,1970.6677011864774
1972.18,2015-08-31,1972.18,1985.170083720986
1913.85,2015-09-01,1913.85,1969.8539296270592
1948.86,2015-09-02,1948.86,1913.7047363188622
1951.13,2015-09-03,1951.13,1933.6533804743578
1921.22,2015-09-04,1921.22,1943.797385946537
1969.41,2015-09-08,1969.41,1920.8121661795258
1942.04,2015-09-09,1942.04,1959.6598515768987
1952.29,2015-09-10,1952.29,1940.9780244575572
1961.05,2015-09-11,1961.05,1945.2331206928043
1953.03,2015-09-14,1953.03,1952.4895914588249
1978.09,2015-09-15,1978.09,1947.8365546536372
1995.31,2015-09-16,1995.31,1970.5000771224452
1990.2,2015-09-17,1990.2,1995.308871759907
1958.03,2015-09-18,1958.03,1987.060576298136
1966.97,2015-09-21,1966.97,1960.414454636173
1942.74,2015-09-22,1942.74,1966.376701936811
1938.76,2015-09-23,1938.76,1939.6990753647776
1932.24,2015-09-24,1932.24,1935.04517205213
1931.34,2015-09-25,1931.34,1932.7313572492872
1881.77,2015-09-28,1881.77,1923.9737235641308
1884.09,2015-09-29,1884.09,1888.545521667938
1920.03,2015-09-30,1920.03,1880.060720557614
1923.82,2015-10-01,1923.82,1915.2401024762903
1951.36,2015-10-02,1951.36,1918.7124867344805
1987.05,2015-10-05,1987.05,1948.4260577294801
1979.92,2015-10-06,1979.92,1984.17604676767
1995.83,2015-10-07,1995.83,1977.2395213254536
2013.43,2015-10-08,2013.43,1995.0468712389154
2014.89,2015-10-09,2014.89,2013.3342961073458
2017.46,2015-10-12,2017.46,2008.9237764587592
2003.69,2015-10-13,2003.69,2013.700166431299
1994.24,2015-10-14,1994.24,1999.6454902160226
2023.86,2015-10-15,2023.86,1996.3034642482771
2033.11,2015-10-16,2033.11,2023.726910976917
2033.66,2015-10-19,2033.66,2032.1130839459588
2030.77,2015-10-20,2030.77,2032.6742717980758
2018.94,2015-10-21,2018.94,2040.078079996065
2052.51,2015-10-22,2052.51,2015.3548768996284
2075.15,2015-10-23,2075.15,2053.314967847683
2071.18,2015-10-26,2071.18,2078.9440221026593
2065.89,2015-10-27,2065.89,2073.168747088192
2090.35,2015-10-28,2090.35,2051.507107765864
2089.41,2015-10-29,2089.41,2098.846374640591
2079.36,2015-10-30,2079.36,2100.7808649160997
2104.05,2015-11-02,2104.05,2085.563263338264
2109.79,2015-11-03,2109.79,2099.5400056296075
2102.31,2015-11-04,2102.31,2119.644884694203
2099.93,2015-11-05,2099.93,2103.3459579938376
2099.2,2015-11-06,2099.2,2104.03530151662
2078.58,2015-11-09,2078.58,2108.374677122206
2081.72,2015-11-10,2081.72,2084.801967916575
2075.0,2015-11-11,2075.0,2079.6496543507874
2045.97,2015-11-12,2045.97,2081.985781107184
2023.04,2015-11-13,2023.04,2055.9551874805275
2053.19,2015-11-16,2053.19,2021.4596577738357
2050.44,2015-11-17,2050.44,2055.686707415375
2083.58,2015-11-18,2083.58,2049.613806074412
2081.24,2015-11-19,2081.24,2087.7603123676145
2089.17,2015-11-20,2089.17,2076.3153332951633
2086.59,2015-11-23,2086.59,2092.3157616602484
2089.14,2015-11-24,2089.14,2091.718950767621
2088.87,2015-11-25,2088.87,2090.734235470694
2090.11,2015-11-27,2090.11,2084.821554076839
2080.41,2015-11-30,2080.41,2097.8843447266227
2102.63,2015-12-01,2102.63,2078.636250855835
2079.51,2015-12-02,2079.51,2107.5269062904963
2049.62,2015-12-03,2049.62,2092.391204707631
2091.69,2015-12-04,2091.69,2048.4206790870876
2077.07,2015-12-07,2077.07,2086.3681487687372
2063.59,2015-12-08,2063.59,2084.902533099886
2047.62,2015-12-09,2047.62,2061.865139342252
2052.23,2015-12-10,2052.23,2048.1233258363422
2012.37,2015-12-11,2012.37,2046.2219250055066
2021.94,2015-12-14,2021.94,2021.8941303508034
2043.41,2015-12-15,2043.41,2026.4678780470208
2073.07,2015-12-16,2073.07,2036.6430990620356
2041.89,2015-12-17,2041.89,2062.1782668272704
2005.55,2015-12-18,2005.55,2035.4467475760985
2021.15,2015-12-21,2021.15,2018.1499229259532
2038.97,2015-12-22,2038.97,2015.0806007252438
2064.29,2015-12-23,2064.29,2030.9842888218968
2060.99,2015-12-24,2060.99,2070.595963981827
2056.5,2015-12-28,2056.5,2064.7448764414294
2078.36,2015-12-29,2078.36,2056.80337206521
2063.36,2015-12-30,2063.36,2073.4648372746606
2043.94,2015-12-31,2043.94,2067.387651545586
2012.66,2016-01-04,2012.66,2052.5869031980924
2016.71,2016-01-05,2016.71,2017.6789182391958
1990.26,2016-01-06,1990.26,2013.3738470980597
1943.09,2016-01-07,1943.09,1981.842645590662
1922.03,2016-01-08,1922.03,1945.9470988291819
1923.67,2016-01-11,1923.67,1903.1448497164097
1938.68,2016-01-12,1938.68,1926.2362954153732
1890.28,2016-01-13,1890.28,1934.4883861380506
1921.84,2016-01-14,1921.84,1881.940918421583
1880.33,2016-01-15,1880.33,1906.2123250137843
1881.33,2016-01-19,1881.33,1895.84899640578
1859.33,2016-01-20,1859.33,1867.0131893897799
1868.99,2016-01-21,1868.99,1845.781750391036
1906.9,2016-01-22,1906.9,1864.4013589829312
1877.08,2016-01-25,1877.08,1897.676907680116
1903.63,2016-01-26,1903.63,1871.4985567605736
1882.95,2016-01-27,1882.95,1891.2518938257476
1893.36,2016-01-28,1893.36,1873.7220286337804
1940.24,2016-01-29,1940.24,1888.2971879851643
1939.38,2016-02-01,1939.38,1935.0012570887786
1903.03,2016-02-02,1903.03,1936.3439240204386
1912.53,2016-02-03,1912.53,1918.2903992395777
1915.45,2016-02-04,1915.45,1903.8045540736302
1880.05,2016-02-05,1880.05,1912.400817649971
1853.44,2016-02-08,1853.44,1881.5666963051274
1852.21,2016-02-09,1852.21,1852.0876260792295
1851.86,2016-02-10,1851.86,1851.6891047830459
1829.08,2016-02-11,1829.08,1841.5029789415544
1864.78,2016-02-12,1864.78,1828.3101836656206
1895.58,2016-02-16,1895.58,1861.5124311067111
1926.82,2016-02-17,1926.82,1889.2414007243108
1917.83,2016-02-18,1917.83,1920.4017667372584
1917.78,2016-02-19,1917.78,1910.5757260202804
1945.5,2016-02-22,1945.5,1922.7387726988993
1921.27,2016-02-23,1921.27,1937.0101536108625
1929.8,2016-02-24,1929.8,1923.3444017139925
1951.7,2016-02-25,1951.7,1922.0664944935438
1948.05,2016-02-26,1948.05,1961.0283383717194
1932.23,2016-02-29,1932.23,1948.7024539340873
1978.35,2016-03-01,1978.35,1939.555978897414
1986.45,2016-03-02,1986.45,1972.8223463902646
1993.4,2016-03-03,1993.4,1986.3465377872271
1999.99,2016-03-04,1999.99,2001.5259040513215
2001.76,2016-03-07,2001.76,2000.5574076047428
1979.26,2016-03-08,1979.26,2004.8305333263936
1989.26,2016-03-09,1989.26,1984.8692722713376
1989.57,2016-03-10,1989.57,1990.896440956045
2022.19,2016-03-11,2022.19,1987.4425608631113
2019.64,2016-03-14,2019.64,2023.7128916477182
2015.93,2016-03-15,2015.93,2031.061194619983
2027.22,2016-03-16,2027.22,2015.6199810073372
2040.59,2016-03-17,2040.59,2028.4688253651127
2049.58,2016-03-18,2049.58,2046.2886203083074
2051.6,2016-03-21,2051.6,2052.0133181463093
2049.8,2016-03-22,2049.8,2052.867446133456
2036.71,2016-03-23,2036.71,2046.4576107496607
2035.94,2016-03-24,2035.94,2045.820948151363
2037.05,2016-03-28,2037.05,2032.1983849134908
2055.01,2016-03-29,2055.01,2051.778265014787
2063.95,2016-03-30,2063.95,2051.9679413993003
2059.74,2016-03-31,2059.74,2062.5360501798177
2072.78,2016-04-01,2072.78,2071.6207367187917
2066.13,2016-04-04,2066.13,2069.3463528599013
2045.17,2016-04-05,2045.17,2076.6874434840815
2066.66,2016-04-06,2066.66,2058.542579487693
2041.91,2016-04-07,2041.91,2049.546094536756
2047.6,2016-04-08,2047.6,2058.3734320343046
2041.99,2016-04-11,2041.99,2053.316892186561
2061.72,2016-04-12,2061.72,2042.3436837886597
2082.42,2016-04-13,2082.42,2052.653390445341
2082.78,2016-04-14,2082.78,2088.685041510057
2080.73,2016-04-15,2080.73,2082.0759132693597
2094.34,2016-04-18,2094.34,2085.8183518933906
2100.8,2016-04-19,2100.8,2093.170806244851
2102.4,2016-04-20,2102.4,2099.910380547896
2091.48,2016-04-21,2091.48,2113.8394345182846
2091.58,2016-04-22,2091.58,2084.1906467135464
2087.79,2016-04-25,2087.79,2094.3147195219294
2091.7,2016-04-26,2091.7,2087.7974100657502
2095.15,2016-04-27,2095.15,2099.0079662524754
2075.81,2016-04-28,2075.81,2099.8443252401776
2065.3,2016-04-29,2065.3,2079.662095118271
2081.43,2016-05-02,2081.43,2059.070324468378
2063.37,2016-05-03,2063.37,2097.502509328831
2051.12,2016-05-04,2051.12,2060.5591494434293
2050.63,2016-05-05,2050.63,2064.9341341042937
2057.14,2016-05-06,2057.14,2053.983724801201
2058.69,2016-05-09,2058.69,2049.155609328077
2084.39,2016-05-10,2084.39,2068.518179276773
2064.46,2016-05-11,2064.46,2073.569162126575
2064.11,2016-05-12,2064.11,2071.305140310165
2046.61,2016-05-13,2046.61,2073.3869125434053
2066.66,2016-05-16,2066.66,2050.210230160984
2047.21,2016-05-17,2047.21,2073.2382170081964
2047.63,2016-05-18,2047.63,2042.8749385864676
2040.04,2016-05-19,2040.04,2043.2713842395947
2052.32,2016-05-20,2052.32,2051.5348490220085
2048.04,2016-05-23,2048.04,2044.673617622222
2076.06,2016-05-24,2076.06,2043.9433119830896
2090.54,2016-05-25,2090.54,2068.041375428971
2090.1,2016-05-26,2090.1,2093.997916056482
2099.06,2016-05-27,2099.06,2093.7866592489745
2096.96,2016-05-31,2096.96,2104.06034445471
2099.33,2016-06-01,2099.33,2093.990437586311
2105.26,2016-06-02,2105.26,2096.2329359000096
2099.13,2016-06-03,2099.13,2116.6090904927823
2109.41,2016-06-06,2109.41,2104.9909614340345
2112.13,2016-06-07,2112.13,2099.6979020257604
2119.12,2016-06-08,2119.12,2115.8671825297624
2115.48,2016-06-09,2115.48,2124.0614982407396
2096.07,2016-06-10,2096.07,2111.1033762448183
2079.06,2016-06-13,2079.06,2101.3678147807345
2075.32,2016-06-14,2075.32,2086.2149090016005
2071.5,2016-06-15,2071.5,2067.5536561403223
2077.99,2016-06-16,2077.99,2073.3854089531724
2071.22,2016-06-17,2071.22,2075.5551383115358
2083.25,2016-06-20,2083.25,2061.7158788901766
2088.9,2016-06-21,2088.9,2087.022051378151
2085.45,2016-06-22,2085.45,2100.6156551337895
2113.32,2016-06-23,2113.32,2064.1057715065285
2037.41,2016-06-24,2037.41,2117.586093361721
2000.54,2016-06-27,2000.54,2043.6107028030365
2036.09,2016-06-28,2036.09,2006.9954576176528
2070.77,2016-06-29,2070.77,2028.998494127665
2098.86,2016-06-30,2098.86,2079.5800404637857
2102.95,2016-07-01,2102.95,2093.715871188739
2088.55,2016-07-05,2088.55,2092.6255247069694
2099.73,2016-07-06,2099.73,2095.9553355988983
2097.9,2016-07-07,2097.9,2087.698000101907
2129.9,2016-07-08,2129.9,2105.3514266500483
2137.16,2016-07-11,2137.16,2125.208692343613
2152.14,2016-07-12,2152.14,2148.640260046925
2152.43,2016-07-13,2152.43,2146.774353864972
2163.75,2016-07-14,2163.75,2168.597462217059
2161.74,2016-07-15,2161.74,2162.7208082104826
2166.89,2016-07-18,2166.89,2158.0018359325377
2163.78,2016-07-19,2163.78,2182.7327239017895
2173.02,2016-07-20,2173.02,2162.8712735180156
2165.17,2016-07-21,2165.17,2163.9541616702277
2175.03,2016-07-22,2175.03,2173.2511122625583
2168.48,2016-07-25,2168.48,2168.205299238935
2169.18,2016-07-26,2169.18,2173.335418241422
2166.58,2016-07-27,2166.58,2172.294118393919
2170.06,2016-07-28,2170.06,2174.4685318775537
2173.6,2016-07-29,2173.6,2162.9009426532566
2170.84,2016-08-01,2170.84,2173.468000775345
2157.03,2016-08-02,2157.03,2185.5324132774294
2163.79,2016-08-03,2163.79,2159.6354687982507
2164.25,2016-08-04,2164.25,2156.114663756255
2182.87,2016-08-05,2182.87,2161.746930664791
2180.89,2016-08-08,2180.89,2172.5180120915225
2181.74,2016-08-09,2181.74,2184.5107312810333
2175.49,2016-08-10,2175.49,2190.750679908669
2185.79,2016-08-11,2185.79,2181.991786141505
2184.05,2016-08-12,2184.05,2188.574145402344
2190.15,2016-08-15,2190.15,2175.1126622248144
2178.15,2016-08-16,2178.15,2201.2768107853503
2182.22,2016-08-17,2182.22,2179.941904808863
2187.02,2016-08-18,2187.02,2178.0390367843556
2183.87,2016-08-19,2183.87,2180.232285235704
2182.64,2016-08-22,2182.64,2182.761395158949
2186.9,2016-08-23,2186.9,2180.2095644691703
2175.44,2016-08-24,2175.44,2186.7367383990013
2172.47,2016-08-25,2172.47,2176.525739104589
2169.04,2016-08-26,2169.04,2185.3373726864747
2180.38,2016-08-29,2180.38,2180.504448642768
2176.12,2016-08-30,2176.12,2180.5671863757448
2170.95,2016-08-31,2170.95,2177.016537711257
2170.86,2016-09-01,2170.86,2172.828327948935
2179.98,2016-09-02,2179.98,2171.1880605569877
2186.48,2016-09-06,2186.48,2183.520489143056
2186.16,2016-09-07,2186.16,2177.472460855489
2181.3,2016-09-08,2181.3,2192.818568600141
2127.81,2016-09-09,2127.81,2184.3465096101954
2159.04,2016-09-12,2159.04,2135.021393232905
2127.02,2016-09-13,2127.02,2165.7240043190673
2125.77,2016-09-14,2125.77,2116.3825212409647
2147.26,2016-09-15,2147.26,2135.6258115609544
2139.16,2016-09-16,2139.16,2132.266734824673
2139.12,2016-09-19,2139.12,2145.7828949789437
2139.76,2016-09-20,2139.76,2131.3487285789206
2163.12,2016-09-21,2163.12,2141.2427051420304
2177.18,2016-09-22,2177.18,2147.1414953596977
2164.69,2016-09-23,2164.69,2184.430232923719
2146.1,2016-09-26,2146.1,2167.3951584789543
2159.93,2016-09-27,2159.93,2142.495656740719
2171.37,2016-09-28,2171.37,2164.645126154074
2151.13,2016-09-29,2151.13,2173.4539964888145
2168.27,2016-09-30,2168.27,2150.5015308181387
2161.2,2016-10-03,2161.2,2171.573626672482
2150.49,2016-10-04,2150.49,2175.992726381815
2159.73,2016-10-05,2159.73,2141.1666976094784
2160.77,2016-10-06,2160.77,2154.61276260985
2153.74,2016-10-07,2153.74,2159.8043069471396
2163.66,2016-10-10,2163.66,2155.869953662012
2136.73,2016-10-11,2136.73,2155.202123271104
2139.18,2016-10-12,2139.18,2144.0243607172997
2132.55,2016-10-13,2132.55,2141.883022663805
2132.98,2016-10-14,2132.98,2132.894035462331
2126.5,2016-10-17,2126.5,2126.6779556788138
2139.6,2016-10-18,2139.6,2125.5652973872257
2144.29,2016-10-19,2144.29,2140.6159225136043
2141.34,2016-10-20,2141.34,2153.2027123945445
2141.16,2016-10-21,2141.16,2138.3389508335595
2151.33,2016-10-24,2151.33,2150.5999020706613
2143.16,2016-10-25,2143.16,2153.15672749976
2139.43,2016-10-26,2139.43,2140.2265651413522
2133.04,2016-10-27,2133.04,2136.2712120760057
2126.41,2016-10-28,2126.41,2124.819825292435
2126.15,2016-10-31,2126.15,2118.923626185773
2111.72,2016-11-01,2111.72,2127.645934357288
2097.94,2016-11-02,2097.94,2115.9354209386383
2088.66,2016-11-03,2088.66,2110.0474056619532
2085.18,2016-11-04,2085.18,2085.82178713875
2131.52,2016-11-07,2131.52,2085.0756965858586
2139.56,2016-11-08,2139.56,2115.1518973034254
2163.26,2016-11-09,2163.26,2153.1212623555884
2167.48,2016-11-10,2167.48,2153.766448210216
2164.45,2016-11-11,2164.45,2175.3215417997876
2164.2,2016-11-14,2164.2,2157.2996622239766
2180.39,2016-11-15,2180.39,2166.17762361984
2176.94,2016-11-16,2176.94,2195.390303021143
2187.12,2016-11-17,2187.12,2160.1161441151494
2181.9,2016-11-18,2181.9,2196.456502154179
2198.18,2016-11-21,2198.18,2188.0290792581636
2202.94,2016-11-22,2202.94,2198.890723507132
2204.72,2016-11-23,2204.72,2198.2122459613847
2213.35,2016-11-25,2213.35,2196.708997373057
2201.72,2016-11-28,2201.72,2218.4923004298253
2204.66,2016-11-29,2204.66,2205.2003185288863
2198.81,2016-11-30,2198.81,2221.3323079656134
2191.08,2016-12-01,2191.08,2196.3757285209026
2191.95,2016-12-02,2191.95,2200.2011330643436
2204.71,2016-12-05,2204.71,2198.0969460499327
2212.23,2016-12-06,2212.23,2202.210901850122
2241.35,2016-12-07,2241.35,2210.2643627370358
2246.19,2016-12-08,2246.19,2240.3765189385063
2259.53,2016-12-09,2259.53,2253.352955144652
2256.96,2016-12-12,2256.96,2249.3619974930048
2271.72,2016-12-13,2271.72,2266.94186439684
2253.28,2016-12-14,2253.28,2273.1225408997575
2262.03,2016-12-15,2262.03,2266.0956336046
2258.07,2016-12-16,2258.07,2254.904889127922
2262.53,2016-12-19,2262.53,2274.5971394440467
2270.76,2016-12-20,2270.76,2259.127295774075
2265.18,2016-12-21,2265.18,2274.9032470881643
2260.96,2016-12-22,2260.96,2268.3284412932835
2263.79,2016-12-23,2263.79,2268.31124699803
2268.88,2016-12-27,2268.88,2263.3342244172113
2249.92,2016-12-28,2249.92,2264.127175530307
2249.26,2016-12-29,2249.26,2253.6886611154996
2238.83,2016-12-30,2238.83,2254.2082897298515
2257.83,2017-01-03,2257.83,2243.9119110624356
2270.75,2017-01-04,2270.75,2257.660806145317
2269.0,2017-01-05,2269.0,2258.942120035155
2276.98,2017-01-06,2276.98,2270.0304805676315
2268.9,2017-01-09,2268.9,2263.9564306670227
2268.9,2017-01-10,2268.9,2275.238425729349
2275.32,2017-01-11,2275.32,2274.2886228543116
2270.44,2017-01-12,2270.44,2277.1287212211773
2274.64,2017-01-13,2274.64,2281.6744344213143
2267.89,2017-01-17,2267.89,2274.230629192056
2271.89,2017-01-18,2271.89,2273.6583889257454
2263.69,2017-01-19,2263.69,2280.4700002136724
2271.31,2017-01-20,2271.31,2274.2975089246593
2265.2,2017-01-23,2265.2,2270.093380237243
2280.07,2017-01-24,2280.07,2261.91136936205
2298.37,2017-01-25,2298.37,2281.4357138628316
2296.68,2017-01-26,2296.68,2296.499997110864
2294.69,2017-01-27,2294.69,2310.651043047748
2280.9,2017-01-30,2280.9,2300.5390047988612
2278.87,2017-01-31,2278.87,2279.085395608922
2279.55,2017-02-01,2279.55,2288.620789376251
2280.85,2017-02-02,2280.85,2273.1338677304984
2297.42,2017-02-03,2297.42,2283.530911725689
2292.56,2017-02-06,2292.56,2304.6868034719696
2293.08,2017-02-07,2293.08,2308.5721541304583
2294.67,2017-02-08,2294.67,2280.037009040322
2307.87,2017-02-09,2307.87,2306.050895985671
2316.1,2017-02-10,2316.1,2309.963586489869
2328.25,2017-02-13,2328.25,2319.7606590769983
2337.58,2017-02-14,2337.58,2328.0375288369487
2349.25,2017-02-15,2349.25,2350.8041012611284
2347.22,2017-02-16,2347.22,2342.207368501758
2351.16,2017-02-17,2351.16,2351.904294731459
2365.38,2017-02-21,2365.38,2351.4858027542527
2362.82,2017-02-22,2362.82,2364.8394098875483
2363.81,2017-02-23,2363.81,2353.344515572544
2367.34,2017-02-24,2367.34,2374.4571962955897
2369.75,2017-02-27,2369.75,2363.375863017987
2363.64,2017-02-28,2363.64,2380.245945867854
2395.96,2017-03-01,2395.96,2359.260161630861
2381.92,2017-03-02,2381.92,2406.167950019471
2383.12,2017-03-03,2383.12,2386.0687871156388
2375.31,2017-03-06,2375.31,2394.7581885272907
2368.39,2017-03-07,2368.39,2372.8636605989236
2362.98,2017-03-08,2362.98,2370.581743776955
2364.87,2017-03-09,2364.87,2364.04250619215
2372.6,2017-03-10,2372.6,2383.5176332889146
2373.47,2017-03-13,2373.47,2364.0870655616372
2365.45,2017-03-14,2365.45,2372.232926766625
2385.26,2017-03-15,2385.26,2361.7682582609104
2381.38,2017-03-16,2381.38,2384.4976307647567
2378.25,2017-03-17,2378.25,2380.1509969038807
2373.47,2017-03-20,2373.47,2388.9377362393784
2344.02,2017-03-21,2344.02,2375.2737301909865
2348.45,2017-03-22,2348.45,2338.9181322699087
2345.96,2017-03-23,2345.96,2347.188301512224
2343.98,2017-03-24,2343.98,2352.109178049869
2341.59,2017-03-27,2341.59,2349.76675682284
2358.57,2017-03-28,2358.57,2332.384953113232
2361.13,2017-03-29,2361.13,2368.6706535397752
2368.06,2017-03-30,2368.06,2348.134384135657
2362.72,2017-03-31,2362.72,2379.3129376878423
2358.84,2017-04-03,2358.84,2369.7292256570436
2360.16,2017-04-04,2360.16,2354.1278016327415
2352.95,2017-04-05,2352.95,2354.148641523705
2357.49,2017-04-06,2357.49,2353.0335325909627
2355.54,2017-04-07,2355.54,2369.150786595845
2357.16,2017-04-10,2357.16,2350.952338234077
2353.78,2017-04-11,2353.78,2341.0940015273586
2344.93,2017-04-12,2344.93,2368.3336350578315
2328.95,2017-04-13,2328.95,2351.3496384936634
2349.01,2017-04-17,2349.01,2332.8475665909464
2342.19,2017-04-18,2342.19,2346.1365149184103
2338.17,2017-04-19,2338.17,2343.5198831245307
2355.84,2017-04-20,2355.84,2339.030671150981
2348.69,2017-04-21,2348.69,2346.664486282233
2374.15,2017-04-24,2374.15,2346.513324587756
2388.61,2017-04-25,2388.61,2373.5067623578634
2387.45,2017-04-26,2387.45,2382.9964813315314
2388.77,2017-04-27,2388.77,2393.9026797281854
2384.2,2017-04-28,2384.2,2380.4983958268617
2388.33,2017-05-01,2388.33,2385.570337838036
2391.17,2017-05-02,2391.17,2389.2696815934855
2388.13,2017-05-03,2388.13,2402.961199173749
2389.52,2017-05-04,2389.52,2382.7765034477698
2399.29,2017-05-05,2399.29,2396.5611229089154
2399.38,2017-05-08,2399.38,2399.200306613713
2396.92,2017-05-09,2396.92,2388.060644575069
2399.63,2017-05-10,2399.63,2405.154258392456
2394.44,2017-05-11,2394.44,2412.3431139965055
2390.9,2017-05-12,2390.9,2382.484878288591
2402.32,2017-05-15,2402.32,2395.924517399199
2400.67,2017-05-16,2400.67,2392.40897768001
2357.03,2017-05-17,2357.03,2406.166696388407
2365.72,2017-05-18,2365.72,2346.9171395033313
2381.73,2017-05-19,2381.73,2389.669505082538
2394.02,2017-05-22,2394.02,2366.1344370817137
2398.42,2017-05-23,2398.42,2404.5208546261474
2404.39,2017-05-24,2404.39,2409.456469932467
2415.07,2017-05-25,2415.07,2391.0504814413134
2415.82,2017-05-26,2415.82,2417.895163725225
2412.91,2017-05-30,2412.91,2418.321909322202
2411.8,2017-05-31,2411.8,2428.2515561616315
2430.06,2017-06-01,2430.06,2418.983376112766
2439.07,2017-06-02,2439.07,2402.8403721577192
2436.1,2017-06-05,2436.1,2458.7676205768566
2429.33,2017-06-06,2429.33,2444.482389631454
2433.14,2017-06-07,2433.14,2420.8664700832796
2433.79,2017-06-08,2433.79,2439.2573194025126
2431.77,2017-06-09,2431.77,2417.915712084975
2429.39,2017-06-12,2429.39,2435.3031634149256
2440.35,2017-06-13,2440.35,2444.846529666805
2437.92,2017-06-14,2437.92,2420.0777036189493
2432.46,2017-06-15,2432.46,2444.51307476969
2433.15,2017-06-16,2433.15,2469.6301675255154
2453.46,2017-06-19,2453.46,2426.062302124683
2437.03,2017-06-20,2437.03,2427.9142464368415
2435.61,2017-06-21,2435.61,2447.279353163342
2434.5,2017-06-22,2434.5,2438.416032115758
2438.3,2017-06-23,2438.3,2444.087569994378
2439.07,2017-06-26,2439.07,2429.3678094934066
2419.38,2017-06-27,2419.38,2430.5355413812467
2440.69,2017-06-28,2440.69,2431.5034721764246
2419.7,2017-06-29,2419.7,2438.2810012079262
2423.41,2017-06-30,2423.41,2403.966575464215
2429.01,2017-07-03,2429.01,2459.498592875176
2432.54,2017-07-05,2432.54,2422.5742147825877
2409.75,2017-07-06,2409.75,2433.2005054742726
2425.18,2017-07-07,2425.18,2405.784571035338
2427.43,2017-07-10,2427.43,2424.7955008106405
2425.53,2017-07-11,2425.53,2444.3114798748193
2443.25,2017-07-12,2443.25,2410.667947983244
2447.83,2017-07-13,2447.83,2429.8424489599647
2459.27,2017-07-14,2459.27,2472.969328249874
2459.14,2017-07-17,2459.14,2456.0465036247374
2460.61,2017-07-18,2460.61,2447.569070032073
2473.83,2017-07-19,2473.83,2453.944227023694
2473.45,2017-07-20,2473.45,2511.1797378263677
2472.54,2017-07-21,2472.54,2460.685003792569
2469.91,2017-07-24,2469.91,2467.545321779096
2477.13,2017-07-25,2477.13,2470.2780278695595
2477.83,2017-07-26,2477.83,2470.871302598144
2475.42,2017-07-27,2475.42,2483.25246675013
2472.1,2017-07-28,2472.1,2491.773651243405
2470.3,2017-07-31,2470.3,2477.334699202284
2476.35,2017-08-01,2476.35,2474.481990765103
2477.57,2017-08-02,2477.57,2480.9488858927903
2472.16,2017-08-03,2472.16,2484.347888142795
2476.83,2017-08-04,2476.83,2445.5602259663788
2480.91,2017-08-07,2480.91,2491.1291083944807
2474.92,2017-08-08,2474.92,2486.041051772547
2474.02,2017-08-09,2474.02,2468.6770590922265
2438.21,2017-08-10,2438.21,2477.9536824039847
2441.32,2017-08-11,2441.32,2452.889751915112
2465.84,2017-08-14,2465.84,2434.1831281757068
2464.61,2017-08-15,2464.61,2464.5438838886826
2468.11,2017-08-16,2468.11,2453.8923909184414
2430.01,2017-08-17,2430.01,2474.2016642053504
2425.55,2017-08-18,2425.55,2431.016676429768
2428.37,2017-08-21,2428.37,2431.5513831080007
2452.51,2017-08-22,2452.51,2423.6656507796406
2444.04,2017-08-23,2444.04,2444.143503262814
2438.97,2017-08-24,2438.97,2453.1994542720913
2443.05,2017-08-25,2443.05,2417.835400791027
2444.24,2017-08-28,2444.24,2459.248607417093
2446.3,2017-08-29,2446.3,2459.9013721745578
2457.59,2017-08-30,2457.59,2440.39589223334
2471.65,2017-08-31,2471.65,2452.813698302773
2476.55,2017-09-01,2476.55,2467.8884623767976
2457.85,2017-09-05,2457.85,2486.309689189908
2465.54,2017-09-06,2465.54,2455.586260532362
2465.1,2017-09-07,2465.1,2459.120201662649
2461.43,2017-09-08,2461.43,2462.4943463326185
2488.11,2017-09-11,2488.11,2460.169862731467
2496.48,2017-09-12,2496.48,2485.556087849764
2498.37,2017-09-13,2498.37,2486.132976059168
2495.62,2017-09-14,2495.62,2498.270685463325
2500.23,2017-09-15,2500.23,2511.518065997641
2503.87,2017-09-18,2503.87,2494.7539923975205
2506.65,2017-09-19,2506.65,2508.7987566226566
2508.24,2017-09-20,2508.24,2505.7181569580584
2500.6,2017-09-21,2500.6,2504.7866817057893
2502.22,2017-09-22,2502.22,2519.03400741701
2496.66,2017-09-25,2496.66,2503.7114414902135
2496.84,2017-09-26,2496.84,2501.7913800701645
2507.04,2017-09-27,2507.04,2491.8492619704525
2510.06,2017-09-28,2510.06,2507.676185627563
2519.36,2017-09-29,2519.36,2513.7586885375167
2529.12,2017-10-02,2529.12,2513.903244384424
2534.58,2017-10-03,2534.58,2521.310550849371
2537.74,2017-10-04,2537.74,2548.5936887757807
2552.07,2017-10-05,2552.07,2537.460881308112
2549.33,2017-10-06,2549.33,2542.747850222425
2544.73,2017-10-09,2544.73,2564.331339013099
2550.64,2017-10-10,2550.64,2547.336397392678
2555.24,2017-10-11,2555.24,2554.1082059295754
2550.93,2017-10-12,2550.93,2551.208655246831
2553.17,2017-10-13,2553.17,2557.000773275692
2557.64,2017-10-16,2557.64,2558.145380577271
2559.36,2017-10-17,2559.36,2569.0928078412317
2561.26,2017-10-18,2561.26,2553.8783315197365
2562.1,2017-10-19,2562.1,2569.129056216195
2575.21,2017-10-20,2575.21,2561.3691642916615
2564.98,2017-10-23,2564.98,2582.05066397231
2569.13,2017-10-24,2569.13,2558.881226363252
2557.15,2017-10-25,2557.15,2583.9784909830714
2560.4,2017-10-26,2560.4,2550.4816340331877
2581.07,2017-10-27,2581.07,2566.876733925461
2572.83,2017-10-30,2572.83,2578.901232042217
2575.26,2017-10-31,2575.26,2574.686695850698
2579.36,2017-11-01,2579.36,2576.668377163763
2579.85,2017-11-02,2579.85,2588.3984316223596
2587.84,2017-11-03,2587.84,2578.442691123324
2591.13,2017-11-06,2591.13,2589.37606718753
2590.64,2017-11-07,2590.64,2590.6903230993103
2594.38,2017-11-08,2594.38,2600.547098834238
2584.62,2017-11-09,2584.62,2595.7144856840214
2582.3,2017-11-10,2582.3,2598.654783634148
2584.84,2017-11-13,2584.84,2574.113552565518
2578.87,2017-11-14,2578.87,2584.977771883184
2564.62,2017-11-15,2564.62,2592.5961613031614
2585.64,2017-11-16,2585.64,2564.836089425784
2578.85,2017-11-17,2578.85,2570.6211314161706
2582.14,2017-11-20,2582.14,2571.5602552187934
2599.03,2017-11-21,2599.03,2594.1602668025525
2597.08,2017-11-22,2597.08,2589.1574787205927
2602.42,2017-11-24,2602.42,2599.2994393500912
2601.42,2017-11-27,2601.42,2603.6724407540846
2627.04,2017-11-28,2627.04,2594.5262671827686
2626.07,2017-11-29,2626.07,2626.561647746671
2647.58,2017-11-30,2647.58,2631.431779242785
2642.22,2017-12-01,2642.22,2648.0624752892245
2639.44,2017-12-04,2639.44,2659.6825425006346
2629.57,2017-12-05,2629.57,2640.4363459283813
2629.27,2017-12-06,2629.27,2633.6809306878713
2636.98,2017-12-07,2636.98,2618.0692103209362
2651.5,2017-12-08,2651.5,2647.1044857750676
2659.99,2017-12-11,2659.99,2663.7319033664867
2664.11,2017-12-12,2664.11,2658.2229736493628
2662.85,2017-12-13,2662.85,2662.1940288382852
2652.01,2017-12-14,2652.01,2672.3393418255628
2675.81,2017-12-15,2675.81,2665.2948105917844
2690.16,2017-12-18,2690.16,2678.8895977938664
2681.47,2017-12-19,2681.47,2676.7363855969234
2679.25,2017-12-20,2679.25,2690.223369385302
2684.57,2017-12-21,2684.57,2684.318897923074
2683.34,2017-12-22,2683.34,2698.8326434209107
2680.5,2017-12-26,2680.5,2693.647519383796
2682.62,2017-12-27,2682.62,2681.9311952828944
2687.54,2017-12-28,2687.54,2693.569754277448
2673.61,2017-12-29,2673.61,2696.2757168467083
2695.81,2018-01-02,2695.81,2681.3907098314835
2713.06,2018-01-03,2713.06,2696.647681961509
2723.99,2018-01-04,2723.99,2723.0382684636643
2743.15,2018-01-05,2743.15,2721.0729685516526
2747.71,2018-01-08,2747.71,2745.250103352945
2751.29,2018-01-09,2751.29,2746.1180863277837
2748.23,2018-01-10,2748.23,2760.482845207699
2767.56,2018-01-11,2767.56,2742.1473224839315
2786.24,2018-01-12,2786.24,2774.8050764961035
2776.42,2018-01-16,2776.42,2783.473831936082
2802.56,2018-01-17,2802.56,2786.2403867749613
2798.03,2018-01-18,2798.03,2798.848834218328
2810.3,2018-01-19,2810.3,2816.0093003964894
2832.97,2018-01-22,2832.97,2810.38987099851
2839.13,2018-01-23,2839.13,2832.471027552511
2837.54,2018-01-24,2837.54,2836.8012035148254
2839.25,2018-01-25,2839.25,2847.6648572917193
2872.87,2018-01-26,2872.87,2853.3670335120432
2853.53,2018-01-29,2853.53,2865.710641909065
2822.43,2018-01-30,2822.43,2859.312218285123
2823.81,2018-01-31,2823.81,2839.293630100256
2821.98,2018-02-01,2821.98,2830.2229510074962
2762.13,2018-02-02,2762.13,2823.2916613496045
2648.94,2018-02-05,2648.94,2766.413303327039
2695.14,2018-02-06,2695.14,2665.479307898979
2681.66,2018-02-07,2681.66,2688.8287713640398
2581.0,2018-02-08,2581.0,2679.5599000039074
2619.55,2018-02-09,2619.55,2599.1401813027605
2656.0,2018-02-12,2656.0,2602.000701925814
2662.94,2018-02-13,2662.94,2648.9795169351796
2698.63,2018-02-14,2698.63,2656.0137708526286
2731.2,2018-02-15,2731.2,2689.8636666800476
2732.22,2018-02-16,2732.22,2725.858303190344
2716.26,2018-02-20,2716.26,2724.4346939341217
2701.33,2018-02-21,2701.33,2720.0797875087283
2703.96,2018-02-22,2703.96,2704.4989161329613
2747.3,2018-02-23,2747.3,2695.6481848366484
2779.6,2018-02-26,2779.6,2736.2387085501537
2744.28,2018-02-27,2744.28,2793.695479598466
2713.83,2018-02-28,2713.83,2754.8149853417926
2677.67,2018-03-01,2677.67,2709.6399395331973
2691.25,2018-03-02,2691.25,2679.3702424605126
2720.94,2018-03-05,2720.94,2698.4996915090423
2728.12,2018-03-06,2728.12,2718.3055847660103
2726.8,2018-03-07,2726.8,2715.7389941121332
2738.97,2018-03-08,2738.97,2730.4891199792974
2786.57,2018-03-09,2786.57,2722.8015593453447
2783.02,2018-03-12,2783.02,2782.508619768427
2765.31,2018-03-13,2765.31,2789.464343182192
2749.48,2018-03-14,2749.48,2770.067389265297
2747.33,2018-03-15,2747.33,2764.2166630183256
2752.01,2018-03-16,2752.01,2740.623128865973
2712.92,2018-03-19,2712.92,2758.8738528145695
2716.94,2018-03-20,2716.94,2715.704299369656
2711.93,2018-03-21,2711.93,2717.5342308719523
2643.69,2018-03-22,2643.69,2716.1267203710154
2588.26,2018-03-23,2588.26,2644.7477760812253
2658.55,2018-03-26,2658.55,2592.2432880537526
2612.62,2018-03-27,2612.62,2646.418541556672
2605.0,2018-03-28,2605.0,2606.1324298933614
2640.87,2018-03-29,2640.87,2610.4254335044316
2581.88,2018-04-02,2581.88,2632.3755478110616
2614.45,2018-04-03,2614.45,2573.116775668959
2644.69,2018-04-04,2644.69,2609.6060377042973
2662.84,2018-04-05,2662.84,2629.39326594301
2604.47,2018-04-06,2604.47,2665.2405013477482
2613.16,2018-04-09,2613.16,2598.770739686047
2656.87,2018-04-10,2656.87,2614.4792691096654
2642.19,2018-04-11,2642.19,2650.796393246939
2663.99,2018-04-12,2663.99,2638.258566780283
2656.3,2018-04-13,2656.3,2659.7972276574787
2677.84,2018-04-16,2677.84,2646.482552222597
2706.39,2018-04-17,2706.39,2683.0912518261794
2708.64,2018-04-18,2708.64,2709.247760280031
2693.13,2018-04-19,2693.13,2725.7878153254474
2670.14,2018-04-20,2670.14,2682.9728082993324
2670.29,2018-04-23,2670.29,2673.9301462080007
2634.56,2018-04-24,2634.56,2675.9660206023073
2639.4,2018-04-25,2639.4,2639.1738912114533
2666.94,2018-04-26,2666.94,2637.2890313613684
2669.91,2018-04-27,2669.91,2658.130737163192
2648.05,2018-04-30,2648.05,2664.685864376353
2654.8,2018-05-01,2654.8,2642.642257680471
2635.67,2018-05-02,2635.67,2662.7847664754504
2629.73,2018-05-03,2629.73,2638.2866725482645
2663.42,2018-05-04,2663.42,2620.3516240985464
2672.63,2018-05-07,2672.63,2657.669350832744
2671.92,2018-05-08,2671.92,2681.740980727411
2697.79,2018-05-09,2697.79,2674.4407964284824
2723.07,2018-05-10,2723.07,2698.551875686712
2727.72,2018-05-11,2727.72,2721.020106113592
2730.13,2018-05-14,2730.13,2724.85479769807
2711.45,2018-05-15,2711.45,2720.472504090008
2722.46,2018-05-16,2722.46,2733.0820558958044
2720.13,2018-05-17,2720.13,2720.3948799368045
2712.97,2018-05-18,2712.97,2709.032447521378
2733.01,2018-05-21,2733.01,2717.9492520051895
2724.44,2018-05-22,2724.44,2732.5337359905516
2733.29,2018-05-23,2733.29,2731.8912749022934
2727.76,2018-05-24,2727.76,2736.4714562340496
2721.33,2018-05-25,2721.33,2727.573120179436
2689.86,2018-05-29,2689.86,2721.9086395881955
2724.01,2018-05-30,2724.01,2690.740955406727
2705.27,2018-05-31,2705.27,2725.455750439686
2734.62,2018-06-01,2734.62,2712.9429356212067
2746.87,2018-06-04,2746.87,2730.2048983328286
2748.8,2018-06-05,2748.8,2751.313431355597
2772.35,2018-06-06,2772.35,2742.329847212024
2770.37,2018-06-07,2770.37,2769.6609572739035
2779.03,2018-06-08,2779.03,2775.8894074485056
2782.0,2018-06-11,2782.0,2785.427230395918
2786.85,2018-06-12,2786.85,2784.9170317125877
2775.63,2018-06-13,2775.63,2785.1781182923532
2782.49,2018-06-14,2782.49,2781.6617734874835
2779.66,2018-06-15,2779.66,2778.4389030206994
2773.75,2018-06-18,2773.75,2783.770773755703
2762.59,2018-06-19,2762.59,2783.8366049120787
2767.32,2018-06-20,2767.32,2763.1337732806373
2749.76,2018-06-21,2749.76,2761.8907221294203
2754.88,2018-06-22,2754.88,2750.989475050443
2717.07,2018-06-25,2717.07,2761.1089983110255
2723.06,2018-06-26,2723.06,2717.663523679333
2699.63,2018-06-27,2699.63,2728.7234120068742
2716.31,2018-06-28,2716.31,2704.422865201071
2718.37,2018-06-29,2718.37,2708.1969468743787
